Accuracy,Stereotype Bias,Empty Responses
0.6494565217391305,-0.08030803080308035,0
